"guideline","category","title","publication_date","extension","url","title_clean","publication_date_clean","extension_clean","filename","folder","full_path","downloaded","download_status","error"
"CG65","Original development on 01 April 2008","Perioperative hypothermia (inadvertent) guideline: guideline for consultation","25 October 2007","pdf","https://www.nice.org.uk/guidance/cg65/update/CG65/documents/perioperative-hypothermia-inadvertent-guideline-guideline-for-consultation2","Perioperative_hypothermia_(inadvertent)_guideline_guideline_for_consultation","25_October_2007","pdf","Perioperative_hypothermia_(inadvertent)_guideline_guideline_for_consultation_25_October_2007.pdf","D:/NICE_history/CG65","D:/NICE_history/CG65/Perioperative_hypothermia_(inadvertent)_guideline_guideline_for_consultation_25_October_2007.pdf",TRUE,"downloaded",
"NG259","Draft guidance consultation","Committee member list","13 January 2026","pdf","https://www.nice.org.uk/guidance/ng259/documents/committee-member-list-4","Committee_member_list","13_January_2026","pdf","Committee_member_list_13_January_2026.pdf","D:/NICE_history/NG259","D:/NICE_history/NG259/Committee_member_list_13_January_2026.pdf",TRUE,"downloaded",
"CG164","Original development on 01 June 2013","GDG 1 minutes","02 December 2011","pdf","https://www.nice.org.uk/guidance/cg164/update/CG164/documents/familial-breast-cancer-gdg-1-minutes2","GDG_1_minutes","02_December_2011","pdf","GDG_1_minutes_02_December_2011.pdf","D:/NICE_history/CG164","D:/NICE_history/CG164/GDG_1_minutes_02_December_2011.pdf",TRUE,"downloaded",
"NG10","Equality impact assessment (development)","Equality impact assessment (development)","29 May 2015","pdf","https://www.nice.org.uk/guidance/ng10/documents/violence-and-aggression-update-equality-impact-assessment-development2","Equality_impact_assessment_(development)","29_May_2015","pdf","Equality_impact_assessment_(development)_29_May_2015.pdf","D:/NICE_history/NG10","D:/NICE_history/NG10/Equality_impact_assessment_(development)_29_May_2015.pdf",TRUE,"downloaded",
"NG10","Scoping workshop, consultation and final scope","Draft scope","14 December 2012","pdf","https://www.nice.org.uk/guidance/ng10/documents/violence-and-aggression-update-draft-scope2","Draft_scope","14_December_2012","pdf","Draft_scope_14_December_2012.pdf","D:/NICE_history/NG10","D:/NICE_history/NG10/Draft_scope_14_December_2012.pdf",TRUE,"downloaded",
"NG19","Original development on 26 August 2015","Appendices H-K","07 January 2015","pdf","https://www.nice.org.uk/guidance/ng19/update/NG19/documents/diabetic-foot-problems-appendices-hk2","Appendices_H-K","07_January_2015","pdf","Appendices_H-K_07_January_2015.pdf","D:/NICE_history/NG19","D:/NICE_history/NG19/Appendices_H-K_07_January_2015.pdf",TRUE,"downloaded",
"NG19","Original development on 26 August 2015","Final scope","31 July 2013","pdf","https://www.nice.org.uk/guidance/ng19/update/NG19/documents/diabetic-foot-problems-final-scope2","Final_scope","31_July_2013","pdf","Final_scope_31_July_2013.pdf","D:/NICE_history/NG19","D:/NICE_history/NG19/Final_scope_31_July_2013.pdf",TRUE,"downloaded",
"NG50","Original development on 06 July 2016","Gdg 8 minutes","14 July 2015","pdf","https://www.nice.org.uk/guidance/ng50/update/ng50/documents/assessment-and-management-of-cirrhosis-gdg-8-minutes2","Gdg_8_minutes","14_July_2015","pdf","Gdg_8_minutes_14_July_2015.pdf","D:/NICE_history/NG50","D:/NICE_history/NG50/Gdg_8_minutes_14_July_2015.pdf",TRUE,"downloaded",
"NG50","Scope published","Consultation comments and responses","09 December 2022","pdf","https://www.nice.org.uk/guidance/ng50/update/ng50-update-1/documents/consultation-comments-and-responses","Consultation_comments_and_responses","09_December_2022","pdf","Consultation_comments_and_responses_09_December_2022.pdf","D:/NICE_history/NG50","D:/NICE_history/NG50/Consultation_comments_and_responses_09_December_2022.pdf",TRUE,"downloaded",
"NG55","Sexually harmful behaviour among young people: scope consultation","Sexually harmful behaviour among young people: draft scope","23 September 2014","pdf","https://www.nice.org.uk/guidance/ng55/documents/sexually-harmful-behaviour-among-young-people-draft-scope-2","Sexually_harmful_behaviour_among_young_people_draft_scope","23_September_2014","pdf","Sexually_harmful_behaviour_among_young_people_draft_scope_23_September_2014.pdf","D:/NICE_history/NG55","D:/NICE_history/NG55/Sexually_harmful_behaviour_among_young_people_draft_scope_23_September_2014.pdf",TRUE,"downloaded",
"NG66","Draft guidance consultation","Guideline appendix Guideline appendix W","07 October 2016","pdf","https://www.nice.org.uk/guidance/ng66/documents/guideline-appendix-16","Guideline_appendix_Guideline_appendix_W","07_October_2016","pdf","Guideline_appendix_Guideline_appendix_W_07_October_2016.pdf","D:/NICE_history/NG66","D:/NICE_history/NG66/Guideline_appendix_Guideline_appendix_W_07_October_2016.pdf",TRUE,"downloaded",
"NG89","Stakeholder list updated","Stakeholder list","03 October 2017","pdf","https://www.nice.org.uk/guidance/ng89/documents/stakeholder-list-2","Stakeholder_list","03_October_2017","pdf","Stakeholder_list_03_October_2017.pdf","D:/NICE_history/NG89","D:/NICE_history/NG89/Stakeholder_list_03_October_2017.pdf",TRUE,"downloaded",
"NG115","Draft guidance consultation","Evidence review Corticosteroids","04 February 2019","pdf","https://www.nice.org.uk/guidance/ng115/documents/evidence-review-11","Evidence_review_Corticosteroids","04_February_2019","pdf","Evidence_review_Corticosteroids_04_February_2019.pdf","D:/NICE_history/NG115","D:/NICE_history/NG115/Evidence_review_Corticosteroids_04_February_2019.pdf",TRUE,"downloaded",
"NG121","Draft guidance consultation","Evidence review J","11 September 2018","pdf","https://www.nice.org.uk/guidance/ng121/documents/evidence-review-10","Evidence_review_J","11_September_2018","pdf","Evidence_review_J_11_September_2018.pdf","D:/NICE_history/NG121","D:/NICE_history/NG121/Evidence_review_J_11_September_2018.pdf",TRUE,"downloaded",
"NG158","Original development on 26 March 2020","Consultation comments and responses","26 March 2020","pdf","https://www.nice.org.uk/guidance/ng158/update/NG158/documents/consultation-comments-and-responses-2","Consultation_comments_and_responses","26_March_2020","pdf","Consultation_comments_and_responses_26_March_2020.pdf","D:/NICE_history/NG158","D:/NICE_history/NG158/Consultation_comments_and_responses_26_March_2020.pdf",TRUE,"downloaded",
"NG180","Guidance published","Consultation comments and responses","19 August 2020","pdf","https://www.nice.org.uk/guidance/ng180/documents/consultation-comments-and-responses","Consultation_comments_and_responses","19_August_2020","pdf","Consultation_comments_and_responses_19_August_2020.pdf","D:/NICE_history/NG180","D:/NICE_history/NG180/Consultation_comments_and_responses_19_August_2020.pdf",TRUE,"downloaded",
"NG185","Draft guidance consultation","Addendum appendicies - Methodology","17 June 2020","pdf","https://www.nice.org.uk/guidance/ng185/documents/addendum-appendicies","Addendum_appendicies_-_Methodology","17_June_2020","pdf","Addendum_appendicies_-_Methodology_17_June_2020.pdf","D:/NICE_history/NG185","D:/NICE_history/NG185/Addendum_appendicies_-_Methodology_17_June_2020.pdf",TRUE,"downloaded",
"NG185","Draft guidance consultation","Addendum appendicies - Recommendations signposting","17 June 2020","pdf","https://www.nice.org.uk/guidance/ng185/documents/addendum-appendicies-13","Addendum_appendicies_-_Recommendations_signposting","17_June_2020","pdf","Addendum_appendicies_-_Recommendations_signposting_17_June_2020.pdf","D:/NICE_history/NG185","D:/NICE_history/NG185/Addendum_appendicies_-_Recommendations_signposting_17_June_2020.pdf",TRUE,"downloaded",
"NG185","Draft guidance consultation","Addendum appendicies - Secondary prevention in primary and secondary care for patients following a myocardial infarction (CG172)","17 June 2020","pdf","https://www.nice.org.uk/guidance/ng185/documents/addendum-appendicies-11","Addendum_appendicies_-_Secondary_prevention_in_primary_and_secondary_care_for_patients_following_a_myocardial_infarction_(CG172)","17_June_2020","pdf","Addendum_appendicies_-_Secondary_prevention_in_primary_and_secondary_care_for_patients_following_a_myocardial_infarction_(CG172)_17_June_2020.pdf","D:/NICE_history/NG185","D:/NICE_history/NG185/Addendum_appendicies_-_Secondary_prevention_in_primary_and_secondary_care_for_patients_following_a_myocardial_infarction_(CG172)_17_June_2020.pdf",TRUE,"downloaded",
"NG185","Draft guidance consultation","Addendum appendicies - Table on early invasive angiography","17 June 2020","pdf","https://www.nice.org.uk/guidance/ng185/documents/addendum-appendicies-14","Addendum_appendicies_-_Table_on_early_invasive_angiography","17_June_2020","pdf","Addendum_appendicies_-_Table_on_early_invasive_angiography_17_June_2020.pdf","D:/NICE_history/NG185","D:/NICE_history/NG185/Addendum_appendicies_-_Table_on_early_invasive_angiography_17_June_2020.pdf",TRUE,"downloaded",
"NG185","Draft guidance consultation","Addendum appendicies - The acute management of myocardial infarction with ST-segment elevation (CG167)","17 June 2020","pdf","https://www.nice.org.uk/guidance/ng185/documents/addendum-appendicies-10","Addendum_appendicies_-_The_acute_management_of_myocardial_infarction_with_ST-segment_elevation_(CG167)","17_June_2020","pdf","Addendum_appendicies_-_The_acute_management_of_myocardial_infarction_with_ST-segment_elevation_(CG167)_17_June_2020.pdf","D:/NICE_history/NG185","D:/NICE_history/NG185/Addendum_appendicies_-_The_acute_management_of_myocardial_infarction_with_ST-segment_elevation_(CG167)_17_June_2020.pdf",TRUE,"downloaded",
"NG185","Draft guidance consultation","Evidence review H - Betablockers","17 June 2020","pdf","https://www.nice.org.uk/guidance/ng185/documents/evidence-review-8","Evidence_review_H_-_Betablockers","17_June_2020","pdf","Evidence_review_H_-_Betablockers_17_June_2020.pdf","D:/NICE_history/NG185","D:/NICE_history/NG185/Evidence_review_H_-_Betablockers_17_June_2020.pdf",TRUE,"downloaded",
"NG196","Draft guidance consultation","Addendum appendix - Method","23 September 2020","pdf","https://www.nice.org.uk/guidance/ng196/documents/addendum-appendix","Addendum_appendix_-_Method","23_September_2020","pdf","Addendum_appendix_-_Method_23_September_2020.pdf","D:/NICE_history/NG196","D:/NICE_history/NG196/Addendum_appendix_-_Method_23_September_2020.pdf",TRUE,"downloaded",
"NG203","Draft guidance consultation","Evidence review I","22 January 2021","pdf","https://www.nice.org.uk/guidance/ng203/update/NG203/documents/evidence-review-9","Evidence_review_I","22_January_2021","pdf","Evidence_review_I_22_January_2021.pdf","D:/NICE_history/NG203","D:/NICE_history/NG203/Evidence_review_I_22_January_2021.pdf",TRUE,"downloaded",
"NG208","Committee meetings","Minutes 1","05 June 2019","pdf","https://www.nice.org.uk/guidance/ng208/documents/minutes","Minutes_1","05_June_2019","pdf","Minutes_1_05_June_2019.pdf","D:/NICE_history/NG208","D:/NICE_history/NG208/Minutes_1_05_June_2019.pdf",TRUE,"downloaded",
"NG208","Draft guidance consultation","Economic report MitraClip","16 March 2021","pdf","https://www.nice.org.uk/guidance/ng208/documents/economic-report-2","Economic_report_MitraClip","16_March_2021","pdf","Economic_report_MitraClip_16_March_2021.pdf","D:/NICE_history/NG208","D:/NICE_history/NG208/Economic_report_MitraClip_16_March_2021.pdf",TRUE,"downloaded",
"NG211","Committee meetings","Minutes 7","16 July 2019","pdf","https://www.nice.org.uk/guidance/ng211/documents/minutes-7","Minutes_7","16_July_2019","pdf","Minutes_7_16_July_2019.pdf","D:/NICE_history/NG211","D:/NICE_history/NG211/Minutes_7_16_July_2019.pdf",TRUE,"downloaded",
"NG211","Stakeholder list updated","Stakeholder list","17 January 2022","pdf","https://www.nice.org.uk/guidance/ng211/documents/stakeholder-list-2","Stakeholder_list","17_January_2022","pdf","Stakeholder_list_17_January_2022.pdf","D:/NICE_history/NG211","D:/NICE_history/NG211/Stakeholder_list_17_January_2022.pdf",TRUE,"downloaded",
"NG234","Draft guidance consultation","Evidence review J","03 March 2023","pdf","https://www.nice.org.uk/guidance/ng234/documents/evidence-review-10","Evidence_review_J","03_March_2023","pdf","Evidence_review_J_03_March_2023.pdf","D:/NICE_history/NG234","D:/NICE_history/NG234/Evidence_review_J_03_March_2023.pdf",TRUE,"downloaded",
"NG238","Committee meetings","Minutes 6","23 October 2023","pdf","https://www.nice.org.uk/guidance/ng238/documents/minutes-6","Minutes_6","23_October_2023","pdf","Minutes_6_23_October_2023.pdf","D:/NICE_history/NG238","D:/NICE_history/NG238/Minutes_6_23_October_2023.pdf",TRUE,"downloaded",
"NG241","Draft guidance consultation","Evidence review P","15 September 2023","pdf","https://www.nice.org.uk/guidance/ng241/documents/evidence-review-27","Evidence_review_P","15_September_2023","pdf","Evidence_review_P_15_September_2023.pdf","D:/NICE_history/NG241","D:/NICE_history/NG241/Evidence_review_P_15_September_2023.pdf",TRUE,"downloaded",
"NG249","Draft guidance consultation","Evidence review I","18 October 2024","pdf","https://www.nice.org.uk/guidance/ng249/documents/evidence-review-10","Evidence_review_I","18_October_2024","pdf","Evidence_review_I_18_October_2024.pdf","D:/NICE_history/NG249","D:/NICE_history/NG249/Evidence_review_I_18_October_2024.pdf",TRUE,"downloaded",
"NG250","Committee meetings","Minutes 11","09 January 2025","pdf","https://www.nice.org.uk/guidance/ng250/documents/minutes-14","Minutes_11","09_January_2025","pdf","Minutes_11_09_January_2025.pdf","D:/NICE_history/NG250","D:/NICE_history/NG250/Minutes_11_09_January_2025.pdf",TRUE,"downloaded",
"NG250","Stakeholder list updated","Stakeholder list","02 July 2025","pdf","https://www.nice.org.uk/guidance/ng250/documents/stakeholder-list","Stakeholder_list","02_July_2025","pdf","Stakeholder_list_02_July_2025.pdf","D:/NICE_history/NG250","D:/NICE_history/NG250/Stakeholder_list_02_July_2025.pdf",TRUE,"downloaded",
"NG255","Draft guidance consultation","Final scope","06 June 2025","pdf","https://www.nice.org.uk/guidance/ng255/documents/final-scope-2","Final_scope","06_June_2025","pdf","Final_scope_06_June_2025.pdf","D:/NICE_history/NG255","D:/NICE_history/NG255/Final_scope_06_June_2025.pdf",TRUE,"downloaded",
"NG257","Committee meetings","Minutes 10","06 December 2023","pdf","https://www.nice.org.uk/guidance/ng257/documents/minutes-10","Minutes_10","06_December_2023","pdf","Minutes_10_06_December_2023.pdf","D:/NICE_history/NG257","D:/NICE_history/NG257/Minutes_10_06_December_2023.pdf",TRUE,"downloaded",
"NG257","Draft guidance consultation","Equality and health inequalities assessment (downloadable version)","10 September 2025","pdf","https://www.nice.org.uk/guidance/ng257/documents/equality-and-health-inequalities","Equality_and_health_inequalities_assessment_(downloadable_version)","10_September_2025","pdf","Equality_and_health_inequalities_assessment_(downloadable_version)_10_September_2025.pdf","D:/NICE_history/NG257","D:/NICE_history/NG257/Equality_and_health_inequalities_assessment_(downloadable_version)_10_September_2025.pdf",TRUE,"downloaded",
"NG257","Draft guidance consultation","Evidence review H","10 September 2025","pdf","https://www.nice.org.uk/guidance/ng257/documents/evidence-review-8","Evidence_review_H","10_September_2025","pdf","Evidence_review_H_10_September_2025.pdf","D:/NICE_history/NG257","D:/NICE_history/NG257/Evidence_review_H_10_September_2025.pdf",TRUE,"downloaded",
"NG94","Committee meetings","Minutes 16","29 June 2016","pdf","https://www.nice.org.uk/guidance/ng94/documents/minutes","Minutes_16","29_June_2016","pdf","Minutes_16_29_June_2016.pdf","D:/NICE_history/NG94","D:/NICE_history/NG94/Minutes_16_29_June_2016.pdf",TRUE,"downloaded",
"NG56","Draft guidance consultation","Guideline appendices","17 May 2016","pdf","https://www.nice.org.uk/guidance/ng56/documents/guideline-appendices","Guideline_appendices","17_May_2016","pdf","Guideline_appendices_17_May_2016.pdf","D:/NICE_history/NG56","D:/NICE_history/NG56/Guideline_appendices_17_May_2016.pdf",TRUE,"downloaded",
"NG77","Consultation comments published","Consultation comments and responses","13 November 2015","docx","https://www.nice.org.uk/guidance/ng77/documents/consultation-comments-and-responses","Consultation_comments_and_responses","13_November_2015","docx","Consultation_comments_and_responses_13_November_2015.docx","D:/NICE_history/NG77","D:/NICE_history/NG77/Consultation_comments_and_responses_13_November_2015.docx",TRUE,"downloaded",
"NG133","Draft guidance consultation","Evidence review F","13 February 2019","pdf","https://www.nice.org.uk/guidance/ng133/documents/evidence-review-6","Evidence_review_F","13_February_2019","pdf","Evidence_review_F_13_February_2019.pdf","D:/NICE_history/NG133","D:/NICE_history/NG133/Evidence_review_F_13_February_2019.pdf",TRUE,"downloaded",
